Name,Email,,Mobile
Ravi,ravi@gmail.com,,78978679
Abhilash,"abhi@g,mai.com",,8778657867
divi,divi@gmail.com,,8478794349
sachin,sachin@gmai.com,,9100007777
rohit,rohit@gmai.com,,9100007777
pant,pant@gmai.com,,9100007777
bumrah,bumrah@gmai.com,,9100007777
surya,surya@gmai.com,,9100007777
bhuvi,bhuvi@gmai.com,,9100007777
tilak,tilak@gmai.com,,9100007777
shami,shami@gmai.com,,9100007777
kohli,kohli@gmai.com,,9100007777
rahul,rahul@gmai.com,,9100007777
kuldeep,kuldeep@gmai.com,,9100007777
chahal,chahal@gmai.com,,9100007777
jaddu,jaddu@gmai.com,,9100007777
rinku,rinku@gmai.com,,9100007777
jaiswal,jaiswal@gmai.com,,9100007777
dube,dube@gmai.com,,9100007777
rahane,rahane@gmai.com,,9100007777
